<ns0:PageContents xmlns:ns0="http://schemas.microsoft.com/office/visio/2012/main" xml:space="preserve">
	<ns0:Shapes>
		<ns0:Shape ID="1" NameU="Entity" Name="Entity" Type="Group" Master="12" UniqueID="{538A0806-7F79-4C67-994E-5F9B4BE54F73}">
			<ns0:Cell N="LayerMember" V="1" />
			<ns0:Cell N="SelectMode" V="0" F="Inh" />
			<ns0:Cell N="LockTextEdit" V="1" F="Inh" />
			<ns0:Section N="User">
				<ns0:Row N="ManualEdits">
					<ns0:Cell N="Value" V="0" />
				</ns0:Row>
				<ns0:Row N="RefShapeGuid">
					<ns0:Cell N="Value" V="{538A0806-7F79-4C67-994E-5F9B4BE54F73}" U="STR" />
				</ns0:Row>
			</ns0:Section>
			<ns0:Section N="Actions">
				<ns0:Row N="Row_1" />
				<ns0:Row N="Row_2">
					<ns0:Cell N="Menu" V="Show Related Tables" F="Inh" />
				</ns0:Row>
			</ns0:Section>
			<ns0:Shapes>
				<ns0:Shape ID="2" Type="Shape" MasterShape="6">
					<ns0:Cell N="LayerMember" V="1" />
					<ns0:Section N="User">
						<ns0:Row N="Width" />
					</ns0:Section>
					<ns0:Section N="Character">
						<ns0:Row IX="0">
							<ns0:Cell N="Color" V="0" />
							<ns0:Cell N="Style" V="0" />
						</ns0:Row>
					</ns0:Section>
					<ns0:Section N="Geometry" IX="0">
						<ns0:Row T="LineTo" IX="2" />
						<ns0:Row T="LineTo" IX="3" />
					</ns0:Section>
					<ns0:Text>
						<ns0:cp IX="0" />
Delivery
					</ns0:Text>
				</ns0:Shape>
				<ns0:Shape ID="3" Type="Shape" MasterShape="7">
					<ns0:Cell N="LayerMember" V="1" />
					<ns0:Section N="User">
						<ns0:Row N="Width" />
						<ns0:Row N="Height" />
						<ns0:Row N="PKCount">
							<ns0:Cell N="Value" V="1" F="Inh" />
						</ns0:Row>
						<ns0:Row N="DBHidePKSeperatorLine">
							<ns0:Cell N="Value" V="0" />
						</ns0:Row>
						<ns0:Row N="DBHideTabLine1">
							<ns0:Cell N="Value" V="0" />
						</ns0:Row>
						<ns0:Row N="DBHideTabLine2">
							<ns0:Cell N="Value" V="0" />
						</ns0:Row>
						<ns0:Row N="LineCount">
							<ns0:Cell N="Value" V="6" />
						</ns0:Row>
						<ns0:Row N="LineHeight" />
					</ns0:Section>
					<ns0:Section N="Actions">
						<ns0:Row N="Row_2">
							<ns0:Cell N="Checked" V="1" F="Inh" />
						</ns0:Row>
					</ns0:Section>
					<ns0:Section N="Character">
						<ns0:Row IX="0">
							<ns0:Cell N="Color" V="0" />
							<ns0:Cell N="Style" V="1" />
						</ns0:Row>
						<ns0:Row IX="1">
							<ns0:Cell N="Color" V="0" />
							<ns0:Cell N="Style" V="1" />
							<ns0:Cell N="Case" V="0" />
							<ns0:Cell N="Pos" V="0" />
							<ns0:Cell N="FontScale" V="1" />
							<ns0:Cell N="DblUnderline" V="0" />
							<ns0:Cell N="Overline" V="0" />
							<ns0:Cell N="Strikethru" V="0" />
							<ns0:Cell N="DoubleStrikethrough" V="0" />
							<ns0:Cell N="Letterspace" V="0" />
							<ns0:Cell N="ColorTrans" V="0" />
							<ns0:Cell N="ComplexScriptSize" V="-1" />
							<ns0:Cell N="LangID" V="en-US" />
						</ns0:Row>
						<ns0:Row IX="2">
							<ns0:Cell N="Color" V="0" />
							<ns0:Cell N="Style" V="5" />
							<ns0:Cell N="Case" V="0" />
							<ns0:Cell N="Pos" V="0" />
							<ns0:Cell N="FontScale" V="1" />
							<ns0:Cell N="DblUnderline" V="0" />
							<ns0:Cell N="Overline" V="0" />
							<ns0:Cell N="Strikethru" V="0" />
							<ns0:Cell N="DoubleStrikethrough" V="0" />
							<ns0:Cell N="Letterspace" V="0" />
							<ns0:Cell N="ColorTrans" V="0" />
							<ns0:Cell N="ComplexScriptSize" V="-1" />
							<ns0:Cell N="LangID" V="en-US" />
						</ns0:Row>
						<ns0:Row IX="3">
							<ns0:Cell N="Color" V="0" />
							<ns0:Cell N="Style" V="1" />
							<ns0:Cell N="Case" V="0" />
							<ns0:Cell N="Pos" V="0" />
							<ns0:Cell N="FontScale" V="1" />
							<ns0:Cell N="DblUnderline" V="0" />
							<ns0:Cell N="Overline" V="0" />
							<ns0:Cell N="Strikethru" V="0" />
							<ns0:Cell N="DoubleStrikethrough" V="0" />
							<ns0:Cell N="Letterspace" V="0" />
							<ns0:Cell N="ColorTrans" V="0" />
							<ns0:Cell N="ComplexScriptSize" V="-1" />
							<ns0:Cell N="LangID" V="en-US" />
						</ns0:Row>
						<ns0:Row IX="4">
							<ns0:Cell N="Color" V="0" />
							<ns0:Cell N="Style" V="1" />
							<ns0:Cell N="Case" V="0" />
							<ns0:Cell N="Pos" V="0" />
							<ns0:Cell N="FontScale" V="1" />
							<ns0:Cell N="DblUnderline" V="0" />
							<ns0:Cell N="Overline" V="0" />
							<ns0:Cell N="Strikethru" V="0" />
							<ns0:Cell N="DoubleStrikethrough" V="0" />
							<ns0:Cell N="Letterspace" V="0" />
							<ns0:Cell N="ColorTrans" V="0" />
							<ns0:Cell N="ComplexScriptSize" V="-1" />
							<ns0:Cell N="LangID" V="en-US" />
						</ns0:Row>
						<ns0:Row IX="5">
							<ns0:Cell N="Color" V="0" />
							<ns0:Cell N="Style" V="1" />
							<ns0:Cell N="Case" V="0" />
							<ns0:Cell N="Pos" V="0" />
							<ns0:Cell N="FontScale" V="1" />
							<ns0:Cell N="DblUnderline" V="0" />
							<ns0:Cell N="Overline" V="0" />
							<ns0:Cell N="Strikethru" V="0" />
							<ns0:Cell N="DoubleStrikethrough" V="0" />
							<ns0:Cell N="Letterspace" V="0" />
							<ns0:Cell N="ColorTrans" V="0" />
							<ns0:Cell N="ComplexScriptSize" V="-1" />
							<ns0:Cell N="LangID" V="en-US" />
						</ns0:Row>
						<ns0:Row IX="6">
							<ns0:Cell N="Color" V="0" />
							<ns0:Cell N="Style" V="0" />
							<ns0:Cell N="Case" V="0" />
							<ns0:Cell N="Pos" V="0" />
							<ns0:Cell N="FontScale" V="1" />
							<ns0:Cell N="DblUnderline" V="0" />
							<ns0:Cell N="Overline" V="0" />
							<ns0:Cell N="Strikethru" V="0" />
							<ns0:Cell N="DoubleStrikethrough" V="0" />
							<ns0:Cell N="Letterspace" V="0" />
							<ns0:Cell N="ColorTrans" V="0" />
							<ns0:Cell N="ComplexScriptSize" V="-1" />
							<ns0:Cell N="LangID" V="en-US" />
						</ns0:Row>
					</ns0:Section>
					<ns0:Section N="Tabs">
						<ns0:Row IX="0">
							</ns0:Row>
					</ns0:Section>
					<ns0:Section N="Geometry" IX="0">
						<ns0:Row T="LineTo" IX="2" />
						<ns0:Row T="LineTo" IX="3">
							</ns0:Row>
						<ns0:Row T="LineTo" IX="4" />
					</ns0:Section>
					<ns0:Section N="Geometry" IX="1">
						<ns0:Cell N="NoShow" V="0" F="Inh" />
						<ns0:Row T="MoveTo" IX="1" />
						<ns0:Row T="LineTo" IX="2">
							</ns0:Row>
					</ns0:Section>
					<ns0:Section N="Geometry" IX="2">
						<ns0:Cell N="NoShow" V="0" F="Inh" />
						<ns0:Row T="MoveTo" IX="1" />
						<ns0:Row T="LineTo" IX="2">
							</ns0:Row>
					</ns0:Section>
					<ns0:Section N="Geometry" IX="3">
						<ns0:Cell N="NoShow" V="0" F="Inh" />
						<ns0:Row T="MoveTo" IX="1" />
						<ns0:Row T="LineTo" IX="2">
							</ns0:Row>
					</ns0:Section>
					<ns0:Text>
						<ns0:cp IX="0" />
						<ns0:pp IX="0" />
						<ns0:tp IX="0" />
PK<ns0:cp IX="1" />
					<ns0:cp IX="2" />
DiliveryID<ns0:cp IX="3" />
				<ns0:cp IX="4" />
INTEGER
				<ns0:cp IX="5" />
FK1	SupplierId	INTEGER
 	DiliveryDate	DATETIME
 	PaymentAmt	DECIMAL(max)
 	QuantityRecieved	INTEGER<ns0:cp IX="6" />
			</ns0:Text>
		</ns0:Shape>
	</ns0:Shapes>
</ns0:Shape>
<ns0:Shape ID="4" Type="Group" Master="12" UniqueID="{BFEC8886-7CD3-4142-813C-F9AB11BA9BB2}">
	<ns0:Cell N="LayerMember" V="1" />
	<ns0:Cell N="SelectMode" V="0" F="Inh" />
	<ns0:Cell N="LockTextEdit" V="1" F="Inh" />
	<ns0:Section N="User">
		<ns0:Row N="ManualEdits">
			<ns0:Cell N="Value" V="0" />
		</ns0:Row>
		<ns0:Row N="RefShapeGuid">
			<ns0:Cell N="Value" V="{BFEC8886-7CD3-4142-813C-F9AB11BA9BB2}" U="STR" />
		</ns0:Row>
	</ns0:Section>
	<ns0:Section N="Actions">
		<ns0:Row N="Row_1" />
		<ns0:Row N="Row_2">
			<ns0:Cell N="Menu" V="Show Related Tables" F="Inh" />
		</ns0:Row>
	</ns0:Section>
	<ns0:Shapes>
		<ns0:Shape ID="5" Type="Shape" MasterShape="6">
			<ns0:Cell N="LayerMember" V="1" />
			<ns0:Section N="User">
				<ns0:Row N="Width" />
			</ns0:Section>
			<ns0:Section N="Character">
				<ns0:Row IX="0">
					<ns0:Cell N="Color" V="0" />
					<ns0:Cell N="Style" V="0" />
				</ns0:Row>
			</ns0:Section>
			<ns0:Section N="Geometry" IX="0">
				<ns0:Row T="LineTo" IX="2" />
				<ns0:Row T="LineTo" IX="3" />
			</ns0:Section>
			<ns0:Text>
				<ns0:cp IX="0" />
Suplplier
			</ns0:Text>
		</ns0:Shape>
		<ns0:Shape ID="6" Type="Shape" MasterShape="7">
			<ns0:Cell N="LayerMember" V="1" />
			<ns0:Section N="User">
				<ns0:Row N="Width" />
				<ns0:Row N="Height" />
				<ns0:Row N="PKCount">
					<ns0:Cell N="Value" V="1" F="Inh" />
				</ns0:Row>
				<ns0:Row N="DBHidePKSeperatorLine">
					<ns0:Cell N="Value" V="0" />
				</ns0:Row>
				<ns0:Row N="DBHideTabLine1">
					<ns0:Cell N="Value" V="0" />
				</ns0:Row>
				<ns0:Row N="DBHideTabLine2">
					<ns0:Cell N="Value" V="0" />
				</ns0:Row>
				<ns0:Row N="LineCount">
					<ns0:Cell N="Value" V="3" />
				</ns0:Row>
				<ns0:Row N="LineHeight" />
			</ns0:Section>
			<ns0:Section N="Actions">
				<ns0:Row N="Row_2">
					<ns0:Cell N="Checked" V="1" F="Inh" />
				</ns0:Row>
			</ns0:Section>
			<ns0:Section N="Character">
				<ns0:Row IX="0">
					<ns0:Cell N="Color" V="0" />
					<ns0:Cell N="Style" V="1" />
				</ns0:Row>
				<ns0:Row IX="1">
					<ns0:Cell N="Color" V="0" />
					<ns0:Cell N="Style" V="1" />
					<ns0:Cell N="Case" V="0" />
					<ns0:Cell N="Pos" V="0" />
					<ns0:Cell N="FontScale" V="1" />
					<ns0:Cell N="DblUnderline" V="0" />
					<ns0:Cell N="Overline" V="0" />
					<ns0:Cell N="Strikethru" V="0" />
					<ns0:Cell N="DoubleStrikethrough" V="0" />
					<ns0:Cell N="Letterspace" V="0" />
					<ns0:Cell N="ColorTrans" V="0" />
					<ns0:Cell N="ComplexScriptSize" V="-1" />
					<ns0:Cell N="LangID" V="en-US" />
				</ns0:Row>
				<ns0:Row IX="2">
					<ns0:Cell N="Color" V="0" />
					<ns0:Cell N="Style" V="5" />
					<ns0:Cell N="Case" V="0" />
					<ns0:Cell N="Pos" V="0" />
					<ns0:Cell N="FontScale" V="1" />
					<ns0:Cell N="DblUnderline" V="0" />
					<ns0:Cell N="Overline" V="0" />
					<ns0:Cell N="Strikethru" V="0" />
					<ns0:Cell N="DoubleStrikethrough" V="0" />
					<ns0:Cell N="Letterspace" V="0" />
					<ns0:Cell N="ColorTrans" V="0" />
					<ns0:Cell N="ComplexScriptSize" V="-1" />
					<ns0:Cell N="LangID" V="en-US" />
				</ns0:Row>
				<ns0:Row IX="3">
					<ns0:Cell N="Color" V="0" />
					<ns0:Cell N="Style" V="1" />
					<ns0:Cell N="Case" V="0" />
					<ns0:Cell N="Pos" V="0" />
					<ns0:Cell N="FontScale" V="1" />
					<ns0:Cell N="DblUnderline" V="0" />
					<ns0:Cell N="Overline" V="0" />
					<ns0:Cell N="Strikethru" V="0" />
					<ns0:Cell N="DoubleStrikethrough" V="0" />
					<ns0:Cell N="Letterspace" V="0" />
					<ns0:Cell N="ColorTrans" V="0" />
					<ns0:Cell N="ComplexScriptSize" V="-1" />
					<ns0:Cell N="LangID" V="en-US" />
				</ns0:Row>
				<ns0:Row IX="4">
					<ns0:Cell N="Color" V="0" />
					<ns0:Cell N="Style" V="1" />
					<ns0:Cell N="Case" V="0" />
					<ns0:Cell N="Pos" V="0" />
					<ns0:Cell N="FontScale" V="1" />
					<ns0:Cell N="DblUnderline" V="0" />
					<ns0:Cell N="Overline" V="0" />
					<ns0:Cell N="Strikethru" V="0" />
					<ns0:Cell N="DoubleStrikethrough" V="0" />
					<ns0:Cell N="Letterspace" V="0" />
					<ns0:Cell N="ColorTrans" V="0" />
					<ns0:Cell N="ComplexScriptSize" V="-1" />
					<ns0:Cell N="LangID" V="en-US" />
				</ns0:Row>
				<ns0:Row IX="5">
					<ns0:Cell N="Color" V="0" />
					<ns0:Cell N="Style" V="1" />
					<ns0:Cell N="Case" V="0" />
					<ns0:Cell N="Pos" V="0" />
					<ns0:Cell N="FontScale" V="1" />
					<ns0:Cell N="DblUnderline" V="0" />
					<ns0:Cell N="Overline" V="0" />
					<ns0:Cell N="Strikethru" V="0" />
					<ns0:Cell N="DoubleStrikethrough" V="0" />
					<ns0:Cell N="Letterspace" V="0" />
					<ns0:Cell N="ColorTrans" V="0" />
					<ns0:Cell N="ComplexScriptSize" V="-1" />
					<ns0:Cell N="LangID" V="en-US" />
				</ns0:Row>
				<ns0:Row IX="6">
					<ns0:Cell N="Color" V="0" />
					<ns0:Cell N="Style" V="0" />
					<ns0:Cell N="Case" V="0" />
					<ns0:Cell N="Pos" V="0" />
					<ns0:Cell N="FontScale" V="1" />
					<ns0:Cell N="DblUnderline" V="0" />
					<ns0:Cell N="Overline" V="0" />
					<ns0:Cell N="Strikethru" V="0" />
					<ns0:Cell N="DoubleStrikethrough" V="0" />
					<ns0:Cell N="Letterspace" V="0" />
					<ns0:Cell N="ColorTrans" V="0" />
					<ns0:Cell N="ComplexScriptSize" V="-1" />
					<ns0:Cell N="LangID" V="en-US" />
				</ns0:Row>
			</ns0:Section>
			<ns0:Section N="Tabs">
				<ns0:Row IX="0">
					</ns0:Row>
			</ns0:Section>
			<ns0:Section N="Geometry" IX="0">
				<ns0:Row T="LineTo" IX="2" />
				<ns0:Row T="LineTo" IX="3">
					</ns0:Row>
				<ns0:Row T="LineTo" IX="4" />
			</ns0:Section>
			<ns0:Section N="Geometry" IX="1">
				<ns0:Cell N="NoShow" V="0" F="Inh" />
				<ns0:Row T="MoveTo" IX="1" />
				<ns0:Row T="LineTo" IX="2">
					</ns0:Row>
			</ns0:Section>
			<ns0:Section N="Geometry" IX="2">
				<ns0:Cell N="NoShow" V="0" F="Inh" />
				<ns0:Row T="MoveTo" IX="1" />
				<ns0:Row T="LineTo" IX="2">
					</ns0:Row>
			</ns0:Section>
			<ns0:Section N="Geometry" IX="3">
				<ns0:Cell N="NoShow" V="0" F="Inh" />
				<ns0:Row T="MoveTo" IX="1" />
				<ns0:Row T="LineTo" IX="2">
					</ns0:Row>
			</ns0:Section>
			<ns0:Text>
				<ns0:cp IX="0" />
				<ns0:pp IX="0" />
				<ns0:tp IX="0" />
PK<ns0:cp IX="1" />
			<ns0:cp IX="2" />
SupplierId<ns0:cp IX="3" />
		<ns0:cp IX="4" />
INTEGER
		<ns0:cp IX="5" />
 	SupplierName	VARCHAR(100)<ns0:cp IX="6" />
	</ns0:Text>
</ns0:Shape>
</ns0:Shapes>
</ns0:Shape>
<ns0:Shape ID="9" NameU="Relationship" Name="Relationship" Type="Shape" Master="14" UniqueID="{EEFDDF5E-0557-4033-BD04-9F26F0B2AFD0}">
<ns0:Cell N="LayerMember" V="0" />
<ns0:Cell N="BeginArrow" V="25" F="Inh" />
<ns0:Cell N="EndArrow" V="29" F="Inh" />
<ns0:Cell N="BegTrigger" V="2" F="_XFTRIGGER(Sheet.4!EventXFMod)" />
<ns0:Cell N="EndTrigger" V="2" F="_XFTRIGGER(Sheet.1!EventXFMod)" />
<ns0:Cell N="ConFixedCode" V="6" />
<ns0:Section N="User">
<ns0:Row N="RefShapeGuid">
	<ns0:Cell N="Value" V="{EEFDDF5E-0557-4033-BD04-9F26F0B2AFD0}" U="STR" />
</ns0:Row>
<ns0:Row N="Identifying">
	<ns0:Cell N="Value" V="0" />
</ns0:Row>
<ns0:Row N="DBCardinality">
	<ns0:Cell N="Value" V="29" />
</ns0:Row>
<ns0:Row N="DBNotation">
	<ns0:Cell N="Value" V="2" />
</ns0:Row>
<ns0:Row N="CrowsFoot">
	<ns0:Cell N="Value" V="1" />
</ns0:Row>
<ns0:Row N="Optional">
	<ns0:Cell N="Value" V="0" />
</ns0:Row>
<ns0:Row N="ManualEdits">
	<ns0:Cell N="Value" V="0" />
</ns0:Row>
<ns0:Row N="EndAngle" />
<ns0:Row N="DX1">
	<ns0:Cell N="Value" V="0" U="DL" F="Inh" />
</ns0:Row>
<ns0:Row N="DY1" />
<ns0:Row N="DX3">
	<ns0:Cell N="Value" V="0" U="DL" F="Inh" />
</ns0:Row>
<ns0:Row N="DY3" />
<ns0:Row N="BeginAngle" />
<ns0:Row N="RITextRefGuid">
	<ns0:Cell N="Value" V="0" />
</ns0:Row>
<ns0:Row N="CardTextRefGuid">
	<ns0:Cell N="Value" V="0" />
</ns0:Row>
</ns0:Section>
<ns0:Section N="Control">
<ns0:Row N="Row_1">
	</ns0:Row>
<ns0:Row N="Row_2">
	</ns0:Row>
<ns0:Row N="Row_3">
	</ns0:Row>
<ns0:Row N="Row_4">
	</ns0:Row>
</ns0:Section>
<ns0:Section N="Actions">
<ns0:Row N="Row_1" />
<ns0:Row N="Row_2">
	<ns0:Cell N="Menu" V="" F="Inh" />
</ns0:Row>
<ns0:Row N="Row_3">
	<ns0:Cell N="Menu" V="" F="Inh" />
	<ns0:Cell N="Checked" V="0" F="Inh" />
</ns0:Row>
<ns0:Row N="Row_4">
	<ns0:Cell N="Menu" V="" F="Inh" />
	<ns0:Cell N="Checked" V="1" F="Inh" />
</ns0:Row>
</ns0:Section>
<ns0:Section N="Connection">
<ns0:Row T="Connection" IX="0">
	</ns0:Row>
<ns0:Row T="Connection" IX="1">
	</ns0:Row>
<ns0:Row T="Connection" IX="2">
	</ns0:Row>
</ns0:Section>
<ns0:Section N="Geometry" IX="0">
<ns0:Row T="MoveTo" IX="1">
	<ns0:Cell N="Y" V="0" />
</ns0:Row>
<ns0:Row T="LineTo" IX="2">
	</ns0:Row>
</ns0:Section>
</ns0:Shape>
</ns0:Shapes>
<ns0:Connects>
<ns0:Connect FromSheet="9" FromCell="EndX" FromPart="12" ToSheet="1" ToCell="PinX" ToPart="3" />
<ns0:Connect FromSheet="9" FromCell="BeginX" FromPart="9" ToSheet="4" ToCell="PinX" ToPart="3" />
</ns0:Connects>
</ns0:PageContents>