<?xml version='1.0' encoding='utf-8' ?>
<Pages xmlns='http://schemas.microsoft.com/office/visio/2012/main'
    xmlns:r='http://schemas.openxmlformats.org/officeDocument/2006/relationships' xml:space='preserve'>
    <Page ID='0' NameU='Page-1' Name='Page-1' ViewScale='2' ViewCenterX='4.2078948213255' ViewCenterY='6.9236843495356'>
        <PageSheet LineStyle='0' FillStyle='0' TextStyle='0' UniqueID='{62A7E8F7-8E34-4B94-9080-DEB844968689}'>
            <Cell N='PageWidth' V='8.5' U='IN'/>
            <Cell N='PageHeight' V='11' U='IN'/>
            <Cell N='ShdwOffsetX' V='0.125' U='IN'/>
            <Cell N='ShdwOffsetY' V='-0.125' U='IN'/>
            <Cell N='PageScale' V='1' U='IN'/>
            <Cell N='DrawingScale' V='1' U='IN'/>
            <Cell N='DrawingSizeType' V='0'/>
            <Cell N='DrawingScaleType' V='0'/>
            <Cell N='InhibitSnap' V='0'/>
            <Cell N='PageLockReplace' V='0' U='BOOL'/>
            <Cell N='PageLockDuplicate' V='0' U='BOOL'/>
            <Cell N='UIVisibility' V='0'/>
            <Cell N='ShdwType' V='1'/>
            <Cell N='ShdwObliqueAngle' V='0' U='DEG'/>
            <Cell N='ShdwScaleFactor' V='1'/>
            <Cell N='DrawingResizeType' V='1'/>
            <Cell N='ResizePage' V='1'/>
            <Cell N='PlaceStyle' V='1'/>
            <Cell N='RouteStyle' V='1'/>
            <Cell N='PlaceDepth' V='1'/>
            <Cell N='LineJumpCode' V='0'/>
            <Cell N='LineToNodeX' V='0.25' U='IN'/>
            <Cell N='LineToNodeY' V='0.25' U='IN'/>
            <Cell N='AvenueSizeX' V='0.75' U='IN'/>
            <Cell N='AvenueSizeY' V='0.75' U='IN'/>
            <Cell N='LineToLineX' V='0.15' U='IN'/>
            <Cell N='LineToLineY' V='0.15' U='IN'/>
            <Cell N='LineAdjustFrom' V='2'/>
            <Cell N='LineAdjustTo' V='2'/>
            <Section N='User'>
                <Row N='DBNotation'>
                    <Cell N='Value' V='2'>
                        <RefBy T='Page' ID='0'/>
                    </Cell>
                    <Cell N='Prompt' V='0 = IDEF1X, 2 = Relational'/>
                </Row>
                <Row N='DBCrowsFoot'>
                    <Cell N='Value' V='1'>
                        <RefBy T='Page' ID='0'/>
                    </Cell>
                    <Cell N='Prompt' V='Overrides the relationship notation specifed by the IDEF1X or Relational notations.'/>
                </Row>
                <Row N='DBHideDiscriminator'>
                    <Cell N='Value' V='1' U='BOOL'/>
                    <Cell N='Prompt' V='Set to hide category discriminators.'/>
                </Row>
                <Row N='DBHideAnnotations'>
                    <Cell N='Value' V='0'/>
                    <Cell N='Prompt' V='Set to hide PK, FK, and Index annotations within Entities.'/>
                </Row>
                <Row N='DBHidePKRow'>
                    <Cell N='Value' V='0'/>
                    <Cell N='Prompt' V='Set to Hide Primary Key section within Entities.'/>
                </Row>
                <Row N='DBHideTypes'>
                    <Cell N='Value' V='0'/>
                    <Cell N='Prompt' V='Set to hide Datatypes section within Entities.'/>
                </Row>
                <Row N='DBHideVerticalLines'>
                    <Cell N='Value' V='0' U='BOOL'/>
                    <Cell N='Prompt' V='Set to hide the vertical lines that seperate the Annotation and Datatype sections within Entities.'/>
                </Row>
                <Row N='DBHideHorizontalLine'>
                    <Cell N='Value' V='0' U='BOOL'/>
                    <Cell N='Prompt' V='Set to hide the horizontal line that seperates the PK section from the other columns of an Entity.'/>
                </Row>
                <Row N='ManualEdits'>
                    <Cell N='Value' V='0'/>
                    <Cell N='Prompt' V=''/>
                </Row>
            </Section>
            <Section N='Layer'>
                <Row IX='0'>
                    <Cell N='Name' V='Relationships'/>
                    <Cell N='Color' V='255'/>
                    <Cell N='Status' V='0'/>
                    <Cell N='Visible' V='1'/>
                    <Cell N='Print' V='1'/>
                    <Cell N='Active' V='0'/>
                    <Cell N='Lock' V='0'/>
                    <Cell N='Snap' V='1'/>
                    <Cell N='Glue' V='1'/>
                    <Cell N='NameUniv' V='Relationships'/>
                    <Cell N='ColorTrans' V='0'/>
                </Row>
                <Row IX='1'>
                    <Cell N='Name' V='Entities'/>
                    <Cell N='Color' V='255'/>
                    <Cell N='Status' V='0'/>
                    <Cell N='Visible' V='1'/>
                    <Cell N='Print' V='1'/>
                    <Cell N='Active' V='0'/>
                    <Cell N='Lock' V='0'/>
                    <Cell N='Snap' V='1'/>
                    <Cell N='Glue' V='1'/>
                    <Cell N='NameUniv' V='Entities'/>
                    <Cell N='ColorTrans' V='0'/>
                </Row>
            </Section>
        </PageSheet>
        <Rel r:id='rId1'/>
    </Page>
</Pages>