<?xml version='1.0' encoding='utf-8' ?>
<Windows ClientWidth='2256' ClientHeight='1256'
    xmlns='http://schemas.microsoft.com/office/visio/2012/main'
    xmlns:r='http://schemas.openxmlformats.org/officeDocument/2006/relationships' xml:space='preserve'>
    <Window ID='0' WindowType='Drawing' WindowState='268435456' WindowLeft='0' WindowTop='0' WindowWidth='2256' WindowHeight='1256' ContainerType='Page' Page='0' ViewScale='2' ViewCenterX='4.2078948213255' ViewCenterY='6.9236843495356'>
        <ShowRulers>1</ShowRulers>
        <ShowGrid>0</ShowGrid>
        <ShowPageBreaks>1</ShowPageBreaks>
        <ShowGuides>1</ShowGuides>
        <ShowConnectionPoints>0</ShowConnectionPoints>
        <GlueSettings>9</GlueSettings>
        <SnapSettings>65847</SnapSettings>
        <SnapExtensions>34</SnapExtensions>
        <SnapAngles/>
        <DynamicGridEnabled>1</DynamicGridEnabled>
        <TabSplitterPos>0.5</TabSplitterPos>
    </Window>
    <Window ID='1' WindowType='Stencil' WindowState='67109889' WindowLeft='0' WindowTop='-1' WindowWidth='247' WindowHeight='636' Document='C:\Program Files\Microsoft Office\root\Office16\visio content\1033\ENTITY_U.vssx' ParentWindow='0'>
        <StencilGroup>10</StencilGroup>
        <StencilGroupPos>1</StencilGroupPos>
    </Window>
</Windows>