<?xml version='1.0' encoding='utf-8' ?>
<MasterContents xmlns='http://schemas.microsoft.com/office/visio/2012/main'
    xmlns:r='http://schemas.openxmlformats.org/officeDocument/2006/relationships' xml:space='preserve'>
    <Shapes>
        <Shape ID='5' Type='Shape' LineStyle='3' FillStyle='2' TextStyle='3'>
            <Cell N='PinX' V='0.09375'/>
            <Cell N='PinY' V='0.0625'/>
            <Cell N='Width' V='0.1875'/>
            <Cell N='Height' V='0.125'/>
            <Cell N='LocPinX' V='0.1875' F='Width'/>
            <Cell N='LocPinY' V='0.0625' F='Height*0.5'/>
            <Cell N='Angle' V='0'/>
            <Cell N='FlipX' V='0'/>
            <Cell N='FlipY' V='0'/>
            <Cell N='ResizeMode' V='0'/>
            <Cell N='LineWeight' V='0.0033333333333333' F='THEMEVAL("LineWeight",0.0033333333333333DT)'/>
            <Cell N='LinePattern' V='1' F='THEMEVAL("LinePattern",1)'/>
            <Cell N='Copyright' V='Copyright (c) 2012 Microsoft Corporation.  All rights reserved.'/>
            <Cell N='QuickStyleVariation' V='6'/>
            <Section N='Geometry' IX='0'>
                <Cell N='NoFill' V='0'/>
                <Cell N='NoLine' V='0'/>
                <Cell N='NoShow' V='0'/>
                <Cell N='NoSnap' V='0' F='No Formula'/>
                <Cell N='NoQuickDrag' V='0' F='No Formula'/>
                <Row T='MoveTo' IX='1'>
                    <Cell N='X' V='0' F='Width*0'/>
                    <Cell N='Y' V='0.0625' F='Height*0.5'/>
                </Row>
                <Row T='LineTo' IX='2'>
                    <Cell N='X' V='0.09375' F='Width*0.5'/>
                    <Cell N='Y' V='0' F='Height*0'/>
                </Row>
                <Row T='LineTo' IX='3'>
                    <Cell N='X' V='0.1875' F='Width*1'/>
                    <Cell N='Y' V='0.0625' F='Height*0.5'/>
                </Row>
                <Row T='LineTo' IX='4'>
                    <Cell N='X' V='0.09375' F='Width*0.5'/>
                    <Cell N='Y' V='0.125' F='Height*1'/>
                </Row>
                <Row T='LineTo' IX='5'>
                    <Cell N='X' V='0' F='Geometry1.X1'/>
                    <Cell N='Y' V='0.0625' F='Geometry1.Y1'/>
                </Row>
            </Section>
        </Shape>
    </Shapes>
</MasterContents>