<?xml version='1.0' encoding='utf-8' ?>
<MasterContents xmlns='http://schemas.microsoft.com/office/visio/2012/main'
    xmlns:r='http://schemas.openxmlformats.org/officeDocument/2006/relationships' xml:space='preserve'>
    <Shapes>
        <Shape ID='5' Type='Shape' LineStyle='6' FillStyle='6' TextStyle='6' UniqueID='{4AE0C5B5-4D9C-11D2-BBE1-006008BF0962}'>
            <Cell N='PinX' V='0.5' F='GUARD((BeginX+EndX)/2)'/>
            <Cell N='PinY' V='0.5' F='GUARD((BeginY+EndY)/2)'/>
            <Cell N='Width' V='1' F='GUARD(EndX-BeginX)'/>
            <Cell N='Height' V='-1' F='GUARD(EndY-BeginY)'/>
            <Cell N='LocPinX' V='0.5' F='GUARD(Width*0.5)'/>
            <Cell N='LocPinY' V='-0.5' F='GUARD(Height*0.5)'/>
            <Cell N='Angle' V='0' F='GUARD(0DA)'/>
            <Cell N='FlipX' V='0' F='GUARD(FALSE)'/>
            <Cell N='FlipY' V='0' F='GUARD(FALSE)'/>
            <Cell N='ResizeMode' V='0'/>
            <Cell N='LineWeight' V='0.016666666666667' F='THEMEVAL("LineWeight",0.016666666666667DT)'/>
            <Cell N='LinePattern' V='9' F='GUARD(IF(AND(User.DBNotation=2,User.CrowsFoot=0),1,IF(User.Identifying=1,1,9)))'/>
            <Cell N='EndArrowSize' V='4' F='GUARD(4)'/>
            <Cell N='BeginArrow' V='0' F='GUARD(IF(User.CrowsFoot,IF(User.Optional,30,25),IF(User.DBNotation=2,4,IF(User.Optional,22,0))))'/>
            <Cell N='EndArrow' V='42' F='GUARD(IF(User.CrowsFoot,User.DBCardinality,IF(User.DBNotation=2,0,42)))'/>
            <Cell N='BeginArrowSize' V='4' F='GUARD(IF(BeginArrow=22,2,4))'/>
            <Cell N='NoAlignBox' V='1'/>
            <Cell N='DynFeedback' V='2'/>
            <Cell N='GlueType' V='2'/>
            <Cell N='ObjType' V='2'/>
            <Cell N='NoLiveDynamics' V='1'/>
            <Cell N='ShdwForegnd' V='17' F='THEMEVAL("ShadowColor",17)'/>
            <Cell N='ShdwPattern' V='0' F='THEMEVAL("ShadowPattern",0)'/>
            <Cell N='BeginX' V='0'/>
            <Cell N='BeginY' V='1'/>
            <Cell N='EndX' V='1'/>
            <Cell N='EndY' V='0'/>
            <Cell N='LockHeight' V='1'/>
            <Cell N='LockRotate' V='1'/>
            <Cell N='LockCalcWH' V='1'/>
            <Cell N='EventDblClick' V='0' F='IF(User.ManualEdits,OPENTEXTWIN(),RUNADDONWARGS("DB Engineer","/CMD=1001"))'/>
            <Cell N='EventDrop' V='0' F='SETF(GetRef(User.ManualEdits),TRUE)+SETF(GetRef(User.RITextRefGuid),0)+SETF(GetRef(User.CardTextRefGuid),0)+RUNADDONWARGS("DB Engineer","/CMD=2 /MODEL=1")'/>
            <Cell N='TxtPinX' V='0.5' F='Width*0.5'/>
            <Cell N='TxtPinY' V='-0.5' F='Height*0.5'/>
            <Cell N='TxtWidth' V='0.69444444444445' U='PT' F='MAX(TEXTWIDTH(TheText),5*Char.Size)'/>
            <Cell N='TxtHeight' V='0.166666666666668' F='TEXTHEIGHT(TheText,TxtWidth)'/>
            <Cell N='TxtLocPinX' V='0.347222222222225' U='PT' F='TxtWidth*0.5'/>
            <Cell N='TxtLocPinY' V='0.083333333333334' F='TxtHeight*0.5'/>
            <Cell N='TxtAngle' V='0'/>
            <Cell N='HelpTopic' V='Vis_D200.chm!#20000'/>
            <Cell N='Copyright' V='Copyright (c) 2012 Microsoft Corporation.  All rights reserved.'/>
            <Cell N='LayerMember' V='Relationships'/>
            <Cell N='TextBkgnd' V='#ffffff' F='THEMEGUARD(THEMEVAL("BackgroundColor")+1)'/>
            <Cell N='QuickStyleLineMatrix' V='1'/>
            <Cell N='QuickStyleFillMatrix' V='1'/>
            <Cell N='QuickStyleEffectsMatrix' V='1'/>
            <Cell N='QuickStyleFontMatrix' V='1'/>
            <Section N='User'>
                <Row N='DBShapeType'>
                    <Cell N='Value' V='2'/>
                    <Cell N='Prompt' V='Relationship (Foreign Key)'/>
                </Row>
                <Row N='RefShapeGuid'>
                    <Cell N='Value' V='0'/>
                    <Cell N='Prompt' V='Unique identifier used by the add-on.'/>
                </Row>
                <Row N='Identifying'>
                    <Cell N='Value' V='0' U='BOOL'/>
                    <Cell N='Prompt' V='Set to indicate the relationship is an &apos;Identifying Relationship&apos;.'/>
                </Row>
                <Row N='DBCardinality'>
                    <Cell N='Value' V='0' F='No Formula'/>
                    <Cell N='Prompt' V='25=exactly one, 28=one or more, 29=zero one or more, 30=zero or one'/>
                </Row>
                <Row N='DBNotation'>
                    <Cell N='Value' V='0'/>
                    <Cell N='Prompt' V='0 = IDEF1X; 2 = Relational'/>
                </Row>
                <Row N='CrowsFoot'>
                    <Cell N='Value' V='0' U='BOOL'/>
                    <Cell N='Prompt' V='Overrides the relationship notation specifed by the IDEF1X or Relational notations.'/>
                </Row>
                <Row N='Optional'>
                    <Cell N='Value' V='0' U='BOOL'/>
                    <Cell N='Prompt' V='Set to indicate the relationship is optional.'/>
                </Row>
                <Row N='Override'>
                    <Cell N='Value' V='0' U='BOOL'/>
                    <Cell N='Prompt' V='Set to override Database | Document | Options locally for this relationship shape.'/>
                </Row>
                <Row N='ManualEdits'>
                    <Cell N='Value' V='1' U='BOOL'/>
                    <Cell N='Prompt' V='Set to allow free-form editing (manual edits are not maintained in the model.)'/>
                </Row>
                <Row N='OverrideDBNotation'>
                    <Cell N='Value' V='0' F='IF(NOT(User.Override),SETF(GetRef(User.DBNotation),ThePage!User.DBNotation),0)'/>
                    <Cell N='Prompt' V='This formula conditionally sets the DBNotation setting.'/>
                </Row>
                <Row N='EndAngle'>
                    <Cell N='Value' V='-0.7853981633974483' U='DA' F='ATAN2(User.DY3,User.DX3)'/>
                    <Cell N='Prompt' V='Calculates a reference point for Relationship text.'/>
                </Row>
                <Row N='OverrideCrowsFoot'>
                    <Cell N='Value' V='0' F='IF(NOT(User.Override),SETF(GetRef(User.CrowsFoot),ThePage!User.DBCrowsFoot),0)'/>
                    <Cell N='Prompt' V='This formula conditionally sets the CrowsFoot notation flag.'/>
                </Row>
                <Row N='DX1'>
                    <Cell N='Value' V='0.044444444444444' U='DL' F='(PinX-LocPinX+Connections.X1)-BeginX'/>
                    <Cell N='Prompt' V='Calculates a reference point for Relationship text.'/>
                </Row>
                <Row N='DY1'>
                    <Cell N='Value' V='-0.04444444444444395' U='DL' F='(PinY-LocPinY+Connections.Y1)-BeginY'/>
                    <Cell N='Prompt' V='Calculates a reference point for Relationship text.'/>
                </Row>
                <Row N='DX3'>
                    <Cell N='Value' V='0.04444444444443996' U='DL' F='EndX-(PinX-LocPinX+Connections.X3)'/>
                    <Cell N='Prompt' V='Calculates a reference point for Relationship text.'/>
                </Row>
                <Row N='DY3'>
                    <Cell N='Value' V='-0.04444444444443996' U='DL' F='EndY-(PinY-LocPinY+Connections.Y3)'/>
                    <Cell N='Prompt' V='Calculates a reference point for Relationship text.'/>
                </Row>
                <Row N='BeginAngle'>
                    <Cell N='Value' V='-0.7853981633974477' U='DA' F='ATAN2(User.DY1,User.DX1)'/>
                    <Cell N='Prompt' V='Calculates a reference point for Relationship text.'/>
                </Row>
                <Row N='DBShapeVersion'>
                    <Cell N='Value' V='4' F='GUARD(4)'/>
                    <Cell N='Prompt' V='Shape&apos;s version.'/>
                </Row>
                <Row N='RITextRefGuid'>
                    <Cell N='Value' V='0' F='No Formula'/>
                    <Cell N='Prompt' V='reference to associated text shape'/>
                </Row>
                <Row N='CardTextRefGuid'>
                    <Cell N='Value' V='0' F='No Formula'/>
                    <Cell N='Prompt' V='reference to associated text shape'/>
                </Row>
            </Section>
            <Section N='Control'>
                <Row N='Row_1'>
                    <Cell N='X' V='0.344444444444444' U='IN' F='GUARD(Connections.X1+COS(User.BeginAngle+45DEG)*0.3IN)'/>
                    <Cell N='Y' V='-0.0444444444444433' U='IN' F='GUARD(Connections.Y1+SIN(User.BeginAngle+45DEG)*0.3IN)'/>
                    <Cell N='XDyn' V='0.344444444444444' U='IN' F='Controls.Row_1'/>
                    <Cell N='YDyn' V='-0.0444444444444433' U='IN' F='Controls.Row_1.Y'/>
                    <Cell N='XCon' V='5'/>
                    <Cell N='YCon' V='5'/>
                    <Cell N='CanGlue' V='0'/>
                    <Cell N='Prompt' V=''/>
                </Row>
                <Row N='Row_2'>
                    <Cell N='X' V='0.04444444444444362' U='IN' F='GUARD(Connections.X1+COS(User.BeginAngle-45DEG)*0.3IN)'/>
                    <Cell N='Y' V='-0.344444444444444' U='IN' F='GUARD(Connections.Y1+SIN(User.BeginAngle-45DEG)*0.3IN)'/>
                    <Cell N='XDyn' V='0.04444444444444362' U='IN' F='Controls.Row_2'/>
                    <Cell N='YDyn' V='-0.344444444444444' U='IN' F='Controls.Row_2.Y'/>
                    <Cell N='XCon' V='5'/>
                    <Cell N='YCon' V='5'/>
                    <Cell N='CanGlue' V='0'/>
                    <Cell N='Prompt' V=''/>
                </Row>
                <Row N='Row_3'>
                    <Cell N='X' V='0.9555555555555585' U='IN' F='GUARD(Connections.X3+COS(User.EndAngle+135DEG)*0.3IN)'/>
                    <Cell N='Y' V='-0.6555555555555601' U='IN' F='GUARD(Connections.Y3+SIN(User.EndAngle+135DEG)*0.3IN)'/>
                    <Cell N='XDyn' V='0.9555555555555585' U='IN' F='Controls.Row_3'/>
                    <Cell N='YDyn' V='-0.6555555555555601' U='IN' F='Controls.Row_3.Y'/>
                    <Cell N='XCon' V='5'/>
                    <Cell N='YCon' V='5'/>
                    <Cell N='CanGlue' V='0'/>
                    <Cell N='Prompt' V='Locate referencial integrity text here.'/>
                </Row>
                <Row N='Row_4'>
                    <Cell N='X' V='0.6555555555555601' U='IN' F='GUARD(Connections.X3+COS(User.EndAngle-135DEG)*0.3IN)'/>
                    <Cell N='Y' V='-0.9555555555555585' U='IN' F='GUARD(Connections.Y3+SIN(User.EndAngle-135DEG)*0.3IN)'/>
                    <Cell N='XDyn' V='0.6555555555555601' U='IN' F='Controls.Row_4'/>
                    <Cell N='YDyn' V='-0.9555555555555585' U='IN' F='Controls.Row_4.Y'/>
                    <Cell N='XCon' V='5'/>
                    <Cell N='YCon' V='5'/>
                    <Cell N='CanGlue' V='0'/>
                    <Cell N='Prompt' V='Locate cardinality text here.'/>
                </Row>
            </Section>
            <Section N='Character'>
                <Row IX='0'>
                    <Cell N='Size' V='0.13888888888889' U='PT'/>
                </Row>
            </Section>
            <Section N='Connection'>
                <Row T='Connection' IX='0'>
                    <Cell N='X' V='0.044444444444444' F='Width*0.044444444444444'/>
                    <Cell N='Y' V='-0.044444444444444' F='Height*0.044444444444444'/>
                    <Cell N='DirX' V='0' F='No Formula'/>
                    <Cell N='DirY' V='0' F='No Formula'/>
                    <Cell N='Type' V='0' F='No Formula'/>
                    <Cell N='AutoGen' V='0' F='No Formula'/>
                    <Cell N='Prompt' V='' F='No Formula'/>
                </Row>
                <Row T='Connection' IX='1'>
                    <Cell N='X' V='0.5' F='Width*0.5'/>
                    <Cell N='Y' V='-0.5' F='Height*0.5'/>
                    <Cell N='DirX' V='0' F='No Formula'/>
                    <Cell N='DirY' V='0' F='No Formula'/>
                    <Cell N='Type' V='0' F='No Formula'/>
                    <Cell N='AutoGen' V='0' F='No Formula'/>
                    <Cell N='Prompt' V='' F='No Formula'/>
                </Row>
                <Row T='Connection' IX='2'>
                    <Cell N='X' V='0.95555555555556' F='Width*0.95555555555556'/>
                    <Cell N='Y' V='-0.95555555555556' F='Height*0.95555555555556'/>
                    <Cell N='DirX' V='0' F='No Formula'/>
                    <Cell N='DirY' V='0' F='No Formula'/>
                    <Cell N='Type' V='0' F='No Formula'/>
                    <Cell N='AutoGen' V='0' F='No Formula'/>
                    <Cell N='Prompt' V='' F='No Formula'/>
                </Row>
            </Section>
            <Section N='Actions'>
                <Row N='Row_1'>
                    <Cell N='Menu' V='' F='IF(User.ManualEdits,"","Database Properties...")'/>
                    <Cell N='Action' V='0' F='RUNADDONWARGS("DB Engineer","/CMD=1001")'/>
                    <Cell N='Checked' V='0'/>
                    <Cell N='Disabled' V='0'/>
                    <Cell N='ReadOnly' V='0' F='No Formula'/>
                    <Cell N='Invisible' V='0' F='No Formula'/>
                    <Cell N='BeginGroup' V='0' F='No Formula'/>
                    <Cell N='FlyoutChild' V='0' F='No Formula'/>
                    <Cell N='TagName' V='' F='No Formula'/>
                    <Cell N='ButtonFace' V='' F='No Formula'/>
                    <Cell N='SortKey' V='' F='No Formula'/>
                </Row>
                <Row N='Row_2'>
                    <Cell N='Menu' V='Relational Notation' F='IF(User.ManualEdits,"Relational Notation","")'/>
                    <Cell N='Action' V='0' F='SETF(GetRef(User.CrowsFoot),FALSE)+SETF(GetRef(User.Override),TRUE)+SETF(GetRef(User.DBNotation),2)'/>
                    <Cell N='Checked' V='0' F='AND(User.DBNotation=2,NOT(User.CrowsFoot))'/>
                    <Cell N='Disabled' V='0'/>
                    <Cell N='ReadOnly' V='0' F='No Formula'/>
                    <Cell N='Invisible' V='0' F='No Formula'/>
                    <Cell N='BeginGroup' V='0' F='No Formula'/>
                    <Cell N='FlyoutChild' V='0' F='No Formula'/>
                    <Cell N='TagName' V='' F='No Formula'/>
                    <Cell N='ButtonFace' V='' F='No Formula'/>
                    <Cell N='SortKey' V='' F='No Formula'/>
                </Row>
                <Row N='Row_3'>
                    <Cell N='Menu' V='IDEF1X Notation' F='IF(User.ManualEdits,"IDEF1X Notation","")'/>
                    <Cell N='Action' V='0' F='SETF(GetRef(User.CrowsFoot),FALSE)+SETF(GetRef(User.Override),TRUE)+SETF(GetRef(User.DBNotation),0)'/>
                    <Cell N='Checked' V='1' F='AND(User.DBNotation=0,NOT(User.CrowsFoot))'/>
                    <Cell N='Disabled' V='0'/>
                    <Cell N='ReadOnly' V='0' F='No Formula'/>
                    <Cell N='Invisible' V='0' F='No Formula'/>
                    <Cell N='BeginGroup' V='0' F='No Formula'/>
                    <Cell N='FlyoutChild' V='0' F='No Formula'/>
                    <Cell N='TagName' V='' F='No Formula'/>
                    <Cell N='ButtonFace' V='' F='No Formula'/>
                    <Cell N='SortKey' V='' F='No Formula'/>
                </Row>
                <Row N='Row_4'>
                    <Cell N='Menu' V='Crow&apos;s Foot Notation' F='IF(User.ManualEdits,"Crow&apos;s Foot Notation","")'/>
                    <Cell N='Action' V='0' F='SETF(GetRef(User.CrowsFoot),NOT(User.CrowsFoot))+SETF(GetRef(User.Override),TRUE)'/>
                    <Cell N='Checked' V='0' F='User.CrowsFoot'/>
                    <Cell N='Disabled' V='0'/>
                    <Cell N='ReadOnly' V='0' F='No Formula'/>
                    <Cell N='Invisible' V='0' F='No Formula'/>
                    <Cell N='BeginGroup' V='0' F='No Formula'/>
                    <Cell N='FlyoutChild' V='0' F='No Formula'/>
                    <Cell N='TagName' V='' F='No Formula'/>
                    <Cell N='ButtonFace' V='' F='No Formula'/>
                    <Cell N='SortKey' V='' F='No Formula'/>
                </Row>
            </Section>
            <Section N='Geometry' IX='0'>
                <Cell N='NoFill' V='1'/>
                <Cell N='NoLine' V='0'/>
                <Cell N='NoShow' V='0'/>
                <Cell N='NoSnap' V='0' F='No Formula'/>
                <Cell N='NoQuickDrag' V='0' F='No Formula'/>
                <Row T='MoveTo' IX='1'>
                    <Cell N='X' V='0' F='Width*0'/>
                    <Cell N='Y' V='0' F='Height*0'/>
                </Row>
                <Row T='LineTo' IX='2'>
                    <Cell N='X' V='1' F='Width*1'/>
                    <Cell N='Y' V='-1' F='Height*1'/>
                </Row>
            </Section>
            <Text>
                <cp IX='0'/>
            </Text>
        </Shape>
    </Shapes>
</MasterContents>