<?xml version='1.0' encoding='utf-8' ?>
<MasterContents xmlns='http://schemas.microsoft.com/office/visio/2012/main' xmlns:r='http://schemas.openxmlformats.org/officeDocument/2006/relationships' xml:space='preserve'><Shapes><Shape ID='5' Type='Group' LineStyle='3' FillStyle='3' TextStyle='3' UniqueID='{F98D6A26-C931-42C2-8996-A8518E1A95D2}'><Cell N='PinX' V='0.26236111111111'/><Cell N='PinY' V='0.3125'/><Cell N='Width' V='0.5' U='IN' F='GUARD(MAX(0.5IN,MAX(Sheet.6!User.Width,Sheet.7!User.Width)))'/><Cell N='Height' V='0.5556060641818599' F='GUARD(Sheet.6!User.Height+Sheet.7!User.Height)'/><Cell N='LocPinX' V='0.25' U='IN' F='Width*0.5'/><Cell N='LocPinY' V='0.2778030320909299' F='Height*0.5'/><Cell N='Angle' V='0'/><Cell N='FlipX' V='0'/><Cell N='FlipY' V='0'/><Cell N='ResizeMode' V='0'/><Cell N='LinePattern' V='1' F='GUARD(1)'/><Cell N='Rounding' V='0' F='GUARD(0)'/><Cell N='EndArrowSize' V='2' F='GUARD(2)'/><Cell N='BeginArrow' V='0' F='GUARD(0)'/><Cell N='EndArrow' V='0' F='GUARD(0)'/><Cell N='LineCap' V='0' F='GUARD(0)'/><Cell N='BeginArrowSize' V='2' F='GUARD(2)'/><Cell N='SelectMode' V='1' F='GUARD(IF(User.ManualEdits,1,0))'/><Cell N='IsSnapTarget' V='0'/><Cell N='IsTextEditTarget' V='0'/><Cell N='DontMoveChildren' V='1'/><Cell N='LockWidth' V='1'/><Cell N='LockHeight' V='1'/><Cell N='LockAspect' V='1'/><Cell N='LockBegin' V='1'/><Cell N='LockEnd' V='1'/><Cell N='LockCrop' V='1'/><Cell N='LockVtxEdit' V='1'/><Cell N='LockTextEdit' V='0' F='NOT(User.ManualEdits)'/><Cell N='LockGroup' V='1'/><Cell N='LockCalcWH' V='1'/><Cell N='LockThemeEffects' V='1'/><Cell N='ObjType' V='9'/><Cell N='EventDblClick' V='0' F='IF(User.ManualEdits,0,RUNADDONWARGS("DB Engineer","/CMD=1001"))'/><Cell N='EventDrop' V='0' F='RUNADDONWARGS("DB Engineer","/CMD=2 /MODEL=1")'/><Cell N='HelpTopic' V='Vis_D200.chm!#54185'/><Cell N='Copyright' V='Copyright (c) 2011 Microsoft Corporation.  All rights reserved.'/><Cell N='LayerMember' V='0'/><Section N='User'><Row N='DBShapeType'><Cell N='Value' V='1'/><Cell N='Prompt' V='Entity'/></Row><Row N='DBShapeVersion'><Cell N='Value' V='10' F='GUARD(10)'/><Cell N='Prompt' V='Identifies the shape&apos;s version to the add-on.'/></Row><Row N='DBNotation'><Cell N='Value' V='2'/><Cell N='Prompt' V='0 = IDEF1X, 2 = Relational'/></Row><Row N='DBDependent'><Cell N='Value' V='0' U='BOOL'/><Cell N='Prompt' V='Set for dependent tables.'/></Row><Row N='ManualEdits'><Cell N='Value' V='1' U='BOOL' F='User.RefShapeGuid=-1'/><Cell N='Prompt' V='Set to allow free-from edits (manual edits are not maintained in the model)'/></Row><Row N='RefShapeGuid'><Cell N='Value' V='-1'/><Cell N='Prompt' V='Unique identifier used by the add-on.'/></Row><Row N='Override'><Cell N='Value' V='0' U='BOOL'/><Cell N='Prompt' V='Set if this shape&apos;s Database | Document | Options have have local overrides.'/></Row><Row N='OverrideDBNotation'><Cell N='Value' V='0' F='IF(NOT(User.Override),SETF(GetRef(User.DBNotation),ThePage!User.DBNotation),0)'/><Cell N='Prompt' V='Conditionally sets the DBNotation setting.'/></Row><Row N='visDescription'><Cell N='Value' V='Use to add a table to your Entity Relationship diagram.' U='STR'/><Cell N='Prompt' V='' F='No Formula'/></Row><Row N='visVersion'><Cell N='Value' V='15'/><Cell N='Prompt' V='' F='No Formula'/></Row></Section><Section N='Actions'><Row N='Row_1'><Cell N='Menu' V='' F='IF(User.ManualEdits,"","Database Properties...")'/><Cell N='Action' V='0' F='RUNADDONWARGS("DB Engineer","/CMD=1001")'/><Cell N='Checked' V='0'/><Cell N='Disabled' V='0'/><Cell N='ReadOnly' V='0' F='No Formula'/><Cell N='Invisible' V='0' F='No Formula'/><Cell N='BeginGroup' V='0' F='No Formula'/><Cell N='FlyoutChild' V='0' F='No Formula'/><Cell N='TagName' V='' F='No Formula'/><Cell N='ButtonFace' V='' F='No Formula'/><Cell N='SortKey' V='' F='No Formula'/></Row><Row N='Row_2'><Cell N='Menu' V='' F='IF(User.ManualEdits,"","Show Related Tables")'/><Cell N='Action' V='0' F='RUNADDONWARGS("DB Engineer","/CMD=1002")'/><Cell N='Checked' V='0'/><Cell N='Disabled' V='0'/><Cell N='ReadOnly' V='0' F='No Formula'/><Cell N='Invisible' V='0' F='No Formula'/><Cell N='BeginGroup' V='0' F='No Formula'/><Cell N='FlyoutChild' V='0' F='No Formula'/><Cell N='TagName' V='' F='No Formula'/><Cell N='ButtonFace' V='' F='No Formula'/><Cell N='SortKey' V='' F='No Formula'/></Row></Section><Section N='Character'><Row IX='0'><Cell N='Size' V='0.13888888888889'/></Row></Section><Text><cp IX='0'/><pp IX='0'/></Text><Shapes><Shape ID='6' Type='Shape' LineStyle='3' FillStyle='3' TextStyle='3'><Cell N='PinX' V='0.25' U='IN' F='GUARD(Sheet.5!Width/2)'/><Cell N='PinY' V='0.27777777777778' F='GUARD(Sheet.5!Height-Height)'/><Cell N='Width' V='0.5' U='IN' F='GUARD(Sheet.5!Width)'/><Cell N='Height' V='0.2778282864040799' F='GUARD(TEXTHEIGHT(TheText,TEXTWIDTH(TheText)))'/><Cell N='LocPinX' V='0.25' U='IN' F='GUARD(Width/2)'/><Cell N='LocPinY' V='0' F='GUARD(0)'/><Cell N='Angle' V='0' F='No Formula'/><Cell N='FlipX' V='0' F='No Formula'/><Cell N='FlipY' V='0' F='No Formula'/><Cell N='ResizeMode' V='0' F='No Formula'/><Cell N='LinePattern' V='1' F='GUARD(1)'/><Cell N='Rounding' V='0' F='GUARD(0)'/><Cell N='EndArrowSize' V='2' F='GUARD(2)'/><Cell N='BeginArrow' V='0' F='GUARD(0)'/><Cell N='EndArrow' V='0' F='GUARD(0)'/><Cell N='LineCap' V='0' F='GUARD(0)'/><Cell N='BeginArrowSize' V='2' F='GUARD(2)'/><Cell N='FillForegnd' V='16' F='GUARD(IF(Sheet.5!User.DBNotation=0,0,16))'/><Cell N='LockWidth' V='1'/><Cell N='LockHeight' V='1'/><Cell N='LockMoveX' V='1'/><Cell N='LockMoveY' V='1'/><Cell N='LockAspect' V='1'/><Cell N='LockDelete' V='1'/><Cell N='LockBegin' V='1'/><Cell N='LockEnd' V='1'/><Cell N='LockRotate' V='1'/><Cell N='LockCrop' V='1'/><Cell N='LockVtxEdit' V='1'/><Cell N='LockGroup' V='1'/><Cell N='LockCalcWH' V='1'/><Cell N='LayerMember' V='0'/><Cell N='Copyright' V='Copyright (c) 2011 Microsoft Corporation.  All rights reserved.'/><Section N='User'><Row N='Width'><Cell N='Value' V='0.4507225745134549' U='DL' F='GUARD(TEXTWIDTH(TheText))'/><Cell N='Prompt' V='width of this shape&apos;s text'/></Row><Row N='Height'><Cell N='Value' V='0.2778282864040799' U='DL' F='GUARD(TEXTHEIGHT(TheText,TEXTWIDTH(TheText)))'/><Cell N='Prompt' V='height of this shape&apos;s text'/></Row><Row N='SubShapeID'><Cell N='Value' V='5' F='GUARD(5)'/><Cell N='Prompt' V='Subshape id within the Entity group shape.'/></Row></Section><Section N='Paragraph'><Row IX='0'><Cell N='HorzAlign' V='1' F='GUARD(IF(Sheet.5!User.DBNotation=0,0,1))'/></Row></Section><Section N='Actions'><Row N='Row_1'><Cell N='Menu' V='Edit Table Name...'/><Cell N='Action' V='0' U='BOOL' F='OPENTEXTWIN()'/><Cell N='Checked' V='0'/><Cell N='Disabled' V='0'/><Cell N='ReadOnly' V='0' F='No Formula'/><Cell N='Invisible' V='0' F='No Formula'/><Cell N='BeginGroup' V='0' F='No Formula'/><Cell N='FlyoutChild' V='0' F='No Formula'/><Cell N='TagName' V='' F='No Formula'/><Cell N='ButtonFace' V='' F='No Formula'/><Cell N='SortKey' V='' F='No Formula'/></Row></Section><Section N='Character'><Row IX='0'><Cell N='Size' V='0.13888888888889'/></Row></Section><Section N='Geometry' IX='0'><Cell N='NoFill' V='0'/><Cell N='NoLine' V='0'/><Cell N='NoShow' V='0' F='Sheet.5!User.DBNotation=0'/><Cell N='NoSnap' V='0'/><Cell N='NoQuickDrag' V='0' F='No Formula'/><Row T='MoveTo' IX='1'><Cell N='X' V='0' U='IN' F='Width*0'/><Cell N='Y' V='0' F='Height*0'/></Row><Row T='LineTo' IX='2'><Cell N='X' V='0.5' U='IN' F='Width*1'/><Cell N='Y' V='0' F='Height*0'/></Row><Row T='LineTo' IX='3'><Cell N='X' V='0.5' U='IN' F='Width*1'/><Cell N='Y' V='0.2778282864040799' F='Height*1'/></Row><Row T='LineTo' IX='4'><Cell N='X' V='0' U='IN' F='Width*0'/><Cell N='Y' V='0.2778282864040799' F='Height*1'/></Row><Row T='LineTo' IX='5'><Cell N='X' V='0' U='IN' F='Geometry1.X1'/><Cell N='Y' V='0' F='Geometry1.Y1'/></Row></Section><Text><cp IX='0'/><pp IX='0'/>Table
</Text></Shape><Shape ID='7' Type='Shape' LineStyle='3' FillStyle='3' TextStyle='3'><Cell N='PinX' V='0.25' U='IN' F='GUARD(Sheet.5!Width/2)'/><Cell N='PinY' V='0.27777777777778' F='GUARD(Height)'/><Cell N='Width' V='0.5' U='IN' F='GUARD(Sheet.5!Width)'/><Cell N='Height' V='0.27777777777778' F='GUARD(TEXTHEIGHT(TheText,TEXTWIDTH(TheText)))'/><Cell N='LocPinX' V='0.25' U='IN' F='GUARD(Width/2)'/><Cell N='LocPinY' V='0.27777777777778' F='GUARD(Height)'/><Cell N='Angle' V='0' F='No Formula'/><Cell N='FlipX' V='0' F='No Formula'/><Cell N='FlipY' V='0' F='No Formula'/><Cell N='ResizeMode' V='0' F='No Formula'/><Cell N='LinePattern' V='1' F='GUARD(1)'/><Cell N='Rounding' V='0' F='GUARD(IF(AND(Sheet.5!User.DBDependent,Sheet.5!User.DBNotation=0),0.1,0))'/><Cell N='EndArrowSize' V='2' F='GUARD(2)'/><Cell N='BeginArrow' V='0' F='GUARD(0)'/><Cell N='EndArrow' V='0' F='GUARD(0)'/><Cell N='LineCap' V='0' F='GUARD(0)'/><Cell N='BeginArrowSize' V='2' F='GUARD(2)'/><Cell N='LeftMargin' V='0.055555555555556' U='PT'/><Cell N='RightMargin' V='0.055555555555556' U='PT'/><Cell N='TopMargin' V='0.055555555555556' U='PT'/><Cell N='BottomMargin' V='0.055555555555556' U='PT'/><Cell N='VerticalAlign' V='0'/><Cell N='LockWidth' V='1'/><Cell N='LockHeight' V='1'/><Cell N='LockMoveX' V='1'/><Cell N='LockMoveY' V='1'/><Cell N='LockAspect' V='1'/><Cell N='LockDelete' V='1'/><Cell N='LockBegin' V='1'/><Cell N='LockEnd' V='1'/><Cell N='LockRotate' V='1'/><Cell N='LockCrop' V='1'/><Cell N='LockVtxEdit' V='1'/><Cell N='LockGroup' V='1'/><Cell N='LockCalcWH' V='1'/><Cell N='LayerMember' V='0'/><Cell N='Copyright' V='Copyright (c) 2011 Microsoft Corporation.  All rights reserved.'/><Section N='Paragraph'><Row IX='0'><Cell N='HorzAlign' V='0'/></Row></Section><Section N='Tabs'><Row IX='0'><Cell N='Position0' V='0.25'/><Cell N='Alignment0' V='0'/><Cell N='Position1' V='0.75'/><Cell N='Alignment1' V='0'/></Row></Section><Section N='Character'><Row IX='0'><Cell N='Size' V='0.13888888888889'/></Row></Section><Section N='User'><Row N='Width'><Cell N='Value' V='0.111111111111112' U='DL' F='GUARD(TEXTWIDTH(TheText))'/><Cell N='Prompt' V='width of this shape&apos;s text'/></Row><Row N='Height'><Cell N='Value' V='0.27777777777778' U='DL' F='GUARD(TEXTHEIGHT(TheText,TEXTWIDTH(TheText)))'/><Cell N='Prompt' V='height of this shape&apos;s text'/></Row><Row N='SubShapeID'><Cell N='Value' V='8' F='GUARD(8)'/><Cell N='Prompt' V='Subshape ID within the Entity group shape.'/></Row><Row N='PKCount'><Cell N='Value' V='0' F='LOOKUP("",SHAPETEXT(TheText,4),CHAR(13)&amp;CHAR(10))'/><Cell N='Prompt' V='specifies the number of columns in the tables primary key'/></Row><Row N='DBHidePKSeperatorLine'><Cell N='Value' V='1' U='BOOL'/><Cell N='Prompt' V='Set to hide the horizontal line seperating the PK columns from the rest.'/></Row><Row N='DBHideTabLine1'><Cell N='Value' V='1' U='BOOL'/><Cell N='Prompt' V='Set to hide the 1st vertical tab line.'/></Row><Row N='DBHideTabLine2'><Cell N='Value' V='1' U='BOOL'/><Cell N='Prompt' V='Set to hide the 2nd vertical tab line.'/></Row><Row N='LineCount'><Cell N='Value' V='0'/><Cell N='Prompt' V='Indicates the number of lines in the text.'/></Row><Row N='LineHeight'><Cell N='Value' V='0' F='User.Height/User.LineCount' E='#DIV/0!'/><Cell N='Prompt' V='Indicates the height of one text line.'/></Row></Section><Section N='Actions'><Row N='Row_1'><Cell N='Menu' V='Edit Column Text...'/><Cell N='Action' V='0' U='BOOL' F='OPENTEXTWIN()'/><Cell N='Checked' V='0'/><Cell N='Disabled' V='0'/><Cell N='ReadOnly' V='0' F='No Formula'/><Cell N='Invisible' V='0' F='No Formula'/><Cell N='BeginGroup' V='0' F='No Formula'/><Cell N='FlyoutChild' V='0' F='No Formula'/><Cell N='TagName' V='' F='No Formula'/><Cell N='ButtonFace' V='' F='No Formula'/><Cell N='SortKey' V='' F='No Formula'/></Row><Row N='Row_2'><Cell N='Menu' V='Show Lines'/><Cell N='Action' V='0' F='SETF(GetRef(User.DBHidePKSeperatorLine),NOT(User.DBHidePKSeperatorLine))+SETF(GetRef(User.DBHideTabLine1),NOT(User.DBHideTabLine1))+SETF(GetRef(User.DBHideTabLine2),(NOT(User.DBHideTabLine2)))'/><Cell N='Checked' V='0' F='NOT(AND(AND(User.DBHidePKSeperatorLine,User.DBHideTabLine1,User.DBHideTabLine2)))'/><Cell N='Disabled' V='0' F='User.PKCount=-1'/><Cell N='ReadOnly' V='0' F='No Formula'/><Cell N='Invisible' V='0' F='No Formula'/><Cell N='BeginGroup' V='0' F='No Formula'/><Cell N='FlyoutChild' V='0' F='No Formula'/><Cell N='TagName' V='' F='No Formula'/><Cell N='ButtonFace' V='' F='No Formula'/><Cell N='SortKey' V='' F='No Formula'/></Row></Section><Section N='Geometry' IX='0'><Cell N='NoFill' V='0'/><Cell N='NoLine' V='0'/><Cell N='NoShow' V='0'/><Cell N='NoSnap' V='0'/><Cell N='NoQuickDrag' V='0' F='No Formula'/><Row T='MoveTo' IX='1'><Cell N='X' V='0' U='IN' F='Width*0'/><Cell N='Y' V='0' F='Height*0'/></Row><Row T='LineTo' IX='2'><Cell N='X' V='0.5' U='IN' F='Width*1'/><Cell N='Y' V='0' F='Height*0'/></Row><Row T='LineTo' IX='3'><Cell N='X' V='0.5' U='IN' F='Width*1'/><Cell N='Y' V='0.27777777777778' F='Height*1'/></Row><Row T='LineTo' IX='4'><Cell N='X' V='0' U='IN' F='Width*0'/><Cell N='Y' V='0.27777777777778' F='Height*1'/></Row><Row T='LineTo' IX='5'><Cell N='X' V='0' U='IN' F='Geometry1.X1'/><Cell N='Y' V='0' F='Geometry1.Y1'/></Row></Section><Section N='Geometry' IX='1'><Cell N='NoFill' V='1'/><Cell N='NoLine' V='0'/><Cell N='NoShow' V='1' F='User.DBHideTabLine1'/><Cell N='NoSnap' V='0'/><Cell N='NoQuickDrag' V='0' F='No Formula'/><Row T='MoveTo' IX='1'><Cell N='X' V='0.25' F='MIN(Width,IF(MODULUS(Para.Flags,2)=1,Width-Tabs.Y1,Tabs.Y1))'/><Cell N='Y' V='0' F='Height*0'/></Row><Row T='LineTo' IX='2'><Cell N='X' V='0.25' F='MIN(Width,IF(MODULUS(Para.Flags,2)=1,Width-Tabs.Y1,Tabs.Y1))'/><Cell N='Y' V='0.27777777777778' F='Height'/></Row></Section><Section N='Geometry' IX='2'><Cell N='NoFill' V='1'/><Cell N='NoLine' V='0'/><Cell N='NoShow' V='1' F='User.DBHideTabLine2'/><Cell N='NoSnap' V='0'/><Cell N='NoQuickDrag' V='0' F='No Formula'/><Row T='MoveTo' IX='1'><Cell N='X' V='0.5' U='IN' F='MIN(Width,IF(MODULUS(Para.Flags,2)=1,Width-Tabs.C1,Tabs.C1))'/><Cell N='Y' V='0' F='Height*0'/></Row><Row T='LineTo' IX='2'><Cell N='X' V='0.5' U='IN' F='MIN(Width,IF(MODULUS(Para.Flags,2)=1,Width-Tabs.C1,Tabs.C1))'/><Cell N='Y' V='0.27777777777778' F='Height'/></Row></Section><Section N='Geometry' IX='3'><Cell N='NoFill' V='1'/><Cell N='NoLine' V='0'/><Cell N='NoShow' V='1' F='OR(User.PKCount=-1,User.DBHidePKSeperatorLine)'/><Cell N='NoSnap' V='0'/><Cell N='NoQuickDrag' V='0' F='No Formula'/><Row T='MoveTo' IX='1'><Cell N='X' V='0' U='IN' F='Width*0'/><Cell N='Y' V='0.13888888888889' F='(Height-(User.LineHeight*MAX(1,User.PKCount))+(User.LineHeight*(User.LineCount-1-MAX(1,User.PKCount))))/2'/></Row><Row T='LineTo' IX='2'><Cell N='X' V='0.5' U='IN' F='Width'/><Cell N='Y' V='0.13888888888889' F='(Height-(User.LineHeight*MAX(1,User.PKCount))+(User.LineHeight*(User.LineCount-1-MAX(1,User.PKCount))))/2'/></Row></Section><Text><cp IX='0'/><pp IX='0'/><tp IX='0'/></Text></Shape></Shapes></Shape></Shapes></MasterContents>