<?xml version='1.0' encoding='utf-8' ?>
<MasterContents xmlns='http://schemas.microsoft.com/office/visio/2012/main'
    xmlns:r='http://schemas.openxmlformats.org/officeDocument/2006/relationships' xml:space='preserve'>
    <Shapes>
        <Shape ID='5' NameU='Visio Extended Data' IsCustomNameU='1' Name='Visio Extended Data' IsCustomName='1' Type='Foreign' LineStyle='2' FillStyle='2' TextStyle='2'>
            <Cell N='PinX' V='4.231481593577463'/>
            <Cell N='PinY' V='5.509259405204793'/>
            <Cell N='Width' V='2'/>
            <Cell N='Height' V='2'/>
            <Cell N='LocPinX' V='1' F='Width*0.5'/>
            <Cell N='LocPinY' V='1' F='Height*0.5'/>
            <Cell N='Angle' V='0'/>
            <Cell N='FlipX' V='0'/>
            <Cell N='FlipY' V='0'/>
            <Cell N='ResizeMode' V='0'/>
            <Cell N='ImgOffsetX' V='0' F='ImgWidth*0'/>
            <Cell N='ImgOffsetY' V='0' F='ImgHeight*0'/>
            <Cell N='ImgWidth' V='2' F='Width*1'/>
            <Cell N='ImgHeight' V='2' F='Height*1'/>
            <Cell N='ClippingPath' V='' F='No Formula' E='#N/A'/>
            <Cell N='TxtPinX' V='1' F='Width*0.5'/>
            <Cell N='TxtPinY' V='0' F='Height*0'/>
            <Cell N='TxtWidth' V='2' F='Width*1'/>
            <Cell N='TxtHeight' V='0' F='Height*0'/>
            <Cell N='TxtLocPinX' V='1' F='TxtWidth*0.5'/>
            <Cell N='TxtLocPinY' V='0' F='TxtHeight*0.5'/>
            <Cell N='TxtAngle' V='0'/>
            <Cell N='VerticalAlign' V='0'/>
            <Section N='Geometry' IX='0'>
                <Cell N='NoFill' V='0'/>
                <Cell N='NoLine' V='0'/>
                <Cell N='NoShow' V='0'/>
                <Cell N='NoSnap' V='0'/>
                <Cell N='NoQuickDrag' V='0'/>
                <Row T='RelMoveTo' IX='1'>
                    <Cell N='X' V='0'/>
                    <Cell N='Y' V='0'/>
                </Row>
                <Row T='RelLineTo' IX='2'>
                    <Cell N='X' V='1'/>
                    <Cell N='Y' V='0'/>
                </Row>
                <Row T='RelLineTo' IX='3'>
                    <Cell N='X' V='1'/>
                    <Cell N='Y' V='1'/>
                </Row>
                <Row T='RelLineTo' IX='4'>
                    <Cell N='X' V='0'/>
                    <Cell N='Y' V='1'/>
                </Row>
                <Row T='RelLineTo' IX='5'>
                    <Cell N='X' V='0'/>
                    <Cell N='Y' V='0'/>
                </Row>
            </Section>
            <ForeignData ForeignType='Object' ObjectType='33280' ShowAsIcon='0' ObjectWidth='2' ObjectHeight='2'>
                <Rel r:id='rId1'/>
            </ForeignData>
        </Shape>
    </Shapes>
</MasterContents>