<?xml version='1.0' encoding='utf-8' ?>
<MasterContents xmlns='http://schemas.microsoft.com/office/visio/2012/main'
    xmlns:r='http://schemas.openxmlformats.org/officeDocument/2006/relationships' xml:space='preserve'>
    <Shapes>
        <Shape ID='5' Type='Shape' LineStyle='3' FillStyle='2' TextStyle='3'>
            <Cell N='PinX' V='0.096944444444445'/>
            <Cell N='PinY' V='0.13055555555556'/>
            <Cell N='Width' V='0.3394936316423612' F='GUARD(TEXTWIDTH(TheText))'/>
            <Cell N='Height' V='0.2611611111111111' F='GUARD(TEXTHEIGHT(TheText,10))'/>
            <Cell N='LocPinX' V='0.1697468158211806' F='Width*0.5'/>
            <Cell N='LocPinY' V='0.1305805555555555' F='Height*0.5'/>
            <Cell N='Angle' V='0'/>
            <Cell N='FlipX' V='0'/>
            <Cell N='FlipY' V='0'/>
            <Cell N='ResizeMode' V='0'/>
            <Cell N='LinePattern' V='0' F='THEMEVAL("LinePattern",0)'/>
            <Cell N='NoObjHandles' V='0' F='NOT(User.ManualEdits)'/>
            <Cell N='NoCtlHandles' V='0' F='NOT(User.ManualEdits)'/>
            <Cell N='NoAlignBox' V='0' F='NOT(User.ManualEdits)'/>
            <Cell N='HideText' V='0' F='GUARD(User.Hide)'/>
            <Cell N='ShdwPattern' V='0' F='GUARD(FALSE)'/>
            <Cell N='EventDblClick' V='0' F='IF(User.ManualEdits,OPENTEXTWIN(),0)'/>
            <Cell N='LayerMember' V='0'/>
            <Cell N='Copyright' V='Copyright (c) 2012 Microsoft Corporation.  All rights reserved.'/>
            <Cell N='QuickStyleVariation' V='6'/>
            <Section N='User'>
                <Row N='DBShapeType'>
                    <Cell N='Value' V='10'/>
                    <Cell N='Prompt' V='10 = Tracking Text'/>
                </Row>
                <Row N='DBEventTrigger'>
                    <Cell N='Value' V='0' F='IF(ISERROR(PinX),(IF(User.ManualEdits,0,RUNADDONWARGS("DB Engineer","/CMD=1003")))+SETF(GetRef(PinX),User.OldPinX)+SETF(GetRef(PinY),User.OldPinY),SETF(GetRef(User.OldPinX),PinX)+SETF(GetRef(User.OldPinY),PinY))'/>
                    <Cell N='Prompt' V='' F='No Formula'/>
                </Row>
                <Row N='OldPinX'>
                    <Cell N='Value' V='0.096944444444445' U='DL'/>
                    <Cell N='Prompt' V='' F='No Formula'/>
                </Row>
                <Row N='OldPinY'>
                    <Cell N='Value' V='0.13055555555556' U='DL'/>
                    <Cell N='Prompt' V='' F='No Formula'/>
                </Row>
                <Row N='ManualEdits'>
                    <Cell N='Value' V='1' U='BOOL'/>
                    <Cell N='Prompt' V='' F='No Formula'/>
                </Row>
                <Row N='Hide'>
                    <Cell N='Value' V='0' U='BOOL'/>
                    <Cell N='Prompt' V='' F='No Formula'/>
                </Row>
                <Row N='SetPinX'>
                    <Cell N='Value' V='0' F='IF(OR(Prop.RefSheetID=-1,Prop.RefControl=-1),0,SETF(GetRef(PinX),"guard(pntx(par(pnt(Sheet."&amp;Prop.RefSheetID&amp;"!Controls.X"&amp;Prop.RefControl&amp;LISTSEP()&amp;"Sheet."&amp;Prop.RefSheetID&amp;"!Controls.Y"&amp;Prop.RefControl&amp;"))))"))'/>
                    <Cell N='Prompt' V='' F='No Formula'/>
                </Row>
                <Row N='SetPinY'>
                    <Cell N='Value' V='0' F='IF(OR(Prop.RefSheetID=-1,Prop.RefControl=-1),0,SETF(GetRef(PinY),"guard(pnty(par(pnt(Sheet."&amp;Prop.RefSheetID&amp;"!Controls.X"&amp;Prop.RefControl&amp;LISTSEP()&amp;"Sheet."&amp;Prop.RefSheetID&amp;"!Controls.Y"&amp;Prop.RefControl&amp;"))))"))'/>
                    <Cell N='Prompt' V='' F='No Formula'/>
                </Row>
                <Row N='DBShapeVersion'>
                    <Cell N='Value' V='3' F='GUARD(3)'/>
                    <Cell N='Prompt' V='' F='No Formula'/>
                </Row>
            </Section>
            <Section N='Property'>
                <Row N='RefSheetID'>
                    <Cell N='Value' V='-1'/>
                    <Cell N='Prompt' V='Enter the sheet id of the shape that you want this text to follow.'/>
                    <Cell N='Label' V='Shape ID to Track'/>
                    <Cell N='Format' V='' F='No Formula'/>
                    <Cell N='SortKey' V='1'/>
                    <Cell N='Type' V='2'/>
                    <Cell N='Invisible' V='0' F='NOT(User.ManualEdits)'/>
                    <Cell N='Verify' V='0' F='No Formula'/>
                    <Cell N='DataLinked' V='0' F='No Formula'/>
                    <Cell N='LangID' V='en-US'/>
                    <Cell N='Calendar' V='0' F='No Formula'/>
                </Row>
                <Row N='RefControl'>
                    <Cell N='Value' V='-1'/>
                    <Cell N='Prompt' V='Identify the &apos;Tracked&apos; shpe&apos;s control point by entering it&apos;s row number within the controls section of the shape sheet.'/>
                    <Cell N='Label' V='Control Row to Track'/>
                    <Cell N='Format' V='' F='No Formula'/>
                    <Cell N='SortKey' V='2'/>
                    <Cell N='Type' V='2'/>
                    <Cell N='Invisible' V='0' F='NOT(User.ManualEdits)'/>
                    <Cell N='Verify' V='0' F='No Formula'/>
                    <Cell N='DataLinked' V='0' F='No Formula'/>
                    <Cell N='LangID' V='en-US'/>
                    <Cell N='Calendar' V='0' F='No Formula'/>
                </Row>
            </Section>
            <Section N='Character'>
                <Row IX='0'>
                    <Cell N='Size' V='0.125' U='PT'/>
                </Row>
            </Section>
            <Section N='Geometry' IX='0'>
                <Cell N='NoFill' V='0'/>
                <Cell N='NoLine' V='0'/>
                <Cell N='NoShow' V='0' F='GUARD(User.Hide)'/>
                <Cell N='NoSnap' V='0' F='No Formula'/>
                <Cell N='NoQuickDrag' V='0' F='No Formula'/>
                <Row T='MoveTo' IX='1'>
                    <Cell N='X' V='0' F='Width*0'/>
                    <Cell N='Y' V='0' F='Height*0'/>
                </Row>
                <Row T='LineTo' IX='2'>
                    <Cell N='X' V='0.3394936316423612' F='Width*1'/>
                    <Cell N='Y' V='0' F='Height*0'/>
                </Row>
                <Row T='LineTo' IX='3'>
                    <Cell N='X' V='0.3394936316423612' F='Width*1'/>
                    <Cell N='Y' V='0.2611611111111111' F='Height*1'/>
                </Row>
                <Row T='LineTo' IX='4'>
                    <Cell N='X' V='0' F='Width*0'/>
                    <Cell N='Y' V='0.2611611111111111' F='Height*1'/>
                </Row>
                <Row T='LineTo' IX='5'>
                    <Cell N='X' V='0' F='Geometry1.X1'/>
                    <Cell N='Y' V='0' F='Geometry1.Y1'/>
                </Row>
            </Section>
            <Text>
                <cp IX='0'/>
text
            </Text>
        </Shape>
    </Shapes>
</MasterContents>