<?xml version='1.0' encoding='utf-8' ?>
<MasterContents xmlns='http://schemas.microsoft.com/office/visio/2012/main' xmlns:r='http://schemas.openxmlformats.org/officeDocument/2006/relationships' xml:space='preserve'><Shapes><Shape ID='5' Type='Shape' LineStyle='7' FillStyle='7' TextStyle='7' UniqueID='{08A2FB44-B2F7-45A0-9265-AD8DCBBA27B1}'><Cell N='PinX' V='1.49775' F='(BeginX+EndX)/2'/><Cell N='PinY' V='1.5065' F='(BeginY+EndY)/2'/><Cell N='Width' V='1.0045' F='GUARD(EndX-BeginX)'/><Cell N='Height' V='-0.763' F='GUARD(EndY-BeginY)'/><Cell N='LocPinX' V='0.50225' F='Width*0.5'/><Cell N='LocPinY' V='-0.3815' F='Height*0.5'/><Cell N='Angle' V='0'/><Cell N='FlipX' V='0'/><Cell N='FlipY' V='0'/><Cell N='ResizeMode' V='0'/><Cell N='BeginX' V='0.9955'/><Cell N='BeginY' V='1.888'/><Cell N='EndX' V='2'/><Cell N='EndY' V='1.125'/><Cell N='LockHeight' V='1'/><Cell N='LockRotate' V='1'/><Cell N='LockCalcWH' V='1'/><Cell N='LockThemeEffects' V='1'/><Cell N='NoAlignBox' V='1'/><Cell N='GlueType' V='2'/><Cell N='ObjType' V='2'/><Cell N='NoLiveDynamics' V='1'/><Cell N='TxtPinX' V='0.50225' F='Width*0.5'/><Cell N='TxtPinY' V='-0.3815' F='Height*0.5'/><Cell N='TxtWidth' V='0.5555555555555556' U='PT' F='MAX(TEXTWIDTH(TheText),5*Char.Size)'/><Cell N='TxtHeight' V='0.2444444444444444' F='TEXTHEIGHT(TheText,TxtWidth)'/><Cell N='TxtLocPinX' V='0.2777777777777778' U='PT' F='TxtWidth*0.5'/><Cell N='TxtLocPinY' V='0.1222222222222222' F='TxtHeight*0.5'/><Cell N='TxtAngle' V='0'/><Cell N='HelpTopic' V='Vis_D200.chm!#54191'/><Cell N='Copyright' V='Copyright (c) 2011 Microsoft Corporation.  All rights reserved.'/><Cell N='ShapeRouteStyle' V='5'/><Section N='User'><Row N='visDescription'><Cell N='Value' V='Use to connect processes in your Entity Relationship diagram.' U='STR'/><Cell N='Prompt' V='' F='No Formula'/></Row><Row N='visVersion'><Cell N='Value' V='15'/><Cell N='Prompt' V='' F='No Formula'/></Row></Section><Section N='Geometry' IX='0'><Cell N='NoFill' V='1'/><Cell N='NoLine' V='0'/><Cell N='NoShow' V='0'/><Cell N='NoSnap' V='0' F='No Formula'/><Cell N='NoQuickDrag' V='0' F='No Formula'/><Row T='MoveTo' IX='1'><Cell N='X' V='0' F='Width*0'/><Cell N='Y' V='0' F='Height*0'/></Row><Row T='LineTo' IX='2'><Cell N='X' V='1.0045' F='Width*1'/><Cell N='Y' V='-0.763' F='Height*1'/></Row><Row T='ArcTo' IX='3'><Cell N='X' V='1.0045' F='Width*1'/><Cell N='Y' V='-0.763' F='Height*1'/><Cell N='A' V='0' U='DL'/></Row><Row T='LineTo' IX='4'><Cell N='X' V='1.0045' F='Width*1'/><Cell N='Y' V='-0.763' F='Height*1'/></Row></Section></Shape></Shapes></MasterContents>