<?xml version="1.0" encoding="UTF-8" standalone="yes"?>
<Properties xmlns="http://schemas.openxmlformats.org/officeDocument/2006/extended-properties" xmlns:vt="http://schemas.openxmlformats.org/officeDocument/2006/docPropsVTypes"><Template>C:\Program Files\Microsoft Office\root\Office16\visio content\1033\DBMODL_U.vstx</Template><Application>Microsoft Visio</Application><ScaleCrop>false</ScaleCrop><HeadingPairs><vt:vector size="4" baseType="variant"><vt:variant><vt:lpstr>Pages</vt:lpstr></vt:variant><vt:variant><vt:i4>1</vt:i4></vt:variant><vt:variant><vt:lpstr>Masters</vt:lpstr></vt:variant><vt:variant><vt:i4>7</vt:i4></vt:variant></vt:vector></HeadingPairs><TitlesOfParts><vt:vector size="8" baseType="lpstr"><vt:lpstr>Page-1</vt:lpstr><vt:lpstr>Tracking Text</vt:lpstr><vt:lpstr>Dynamic Connector</vt:lpstr><vt:lpstr>Optional</vt:lpstr><vt:lpstr>Database Model</vt:lpstr><vt:lpstr>Entity</vt:lpstr><vt:lpstr>Dynamic connector.13</vt:lpstr><vt:lpstr>Relationship</vt:lpstr></vt:vector></TitlesOfParts><Manager></Manager><Company></Company><LinksUpToDate>false</LinksUpToDate><SharedDoc>false</SharedDoc><HyperlinkBase></HyperlinkBase><HyperlinksChanged>false</HyperlinksChanged><AppVersion>16.0000</AppVersion></Properties>