<?xml version="1.0" encoding="UTF-8" standalone="yes"?>
<cp:coreProperties xmlns:cp="http://schemas.openxmlformats.org/package/2006/metadata/core-properties" xmlns:dc="http://purl.org/dc/elements/1.1/" xmlns:dcterms="http://purl.org/dc/terms/" xmlns:dcmitype="http://purl.org/dc/dcmitype/" xmlns:xsi="http://www.w3.org/2001/XMLSchema-instance"><dc:title></dc:title><dc:subject></dc:subject><dc:creator>Andrew Webberley</dc:creator><cp:keywords></cp:keywords><dc:description></dc:description><cp:lastPrinted>2024-01-22T20:07:26Z</cp:lastPrinted><dcterms:created xsi:type="dcterms:W3CDTF">2024-01-22T20:07:26Z</dcterms:created><dcterms:modified xsi:type="dcterms:W3CDTF">2024-01-23T23:46:06Z</dcterms:modified><cp:category></cp:category><dc:language>en-US</dc:language></cp:coreProperties>