<?xml version="1.0" encoding="UTF-8" standalone="yes"?>
<Properties xmlns="http://schemas.openxmlformats.org/officeDocument/2006/custom-properties"
    xmlns:vt="http://schemas.openxmlformats.org/officeDocument/2006/docPropsVTypes">
    <property fmtid="{D5CDD505-2E9C-101B-9397-08002B2CF9AE}" pid="2" name="_VPID_ALTERNATENAMES">
        <vt:lpwstr></vt:lpwstr>
    </property>
    <property fmtid="{D5CDD505-2E9C-101B-9397-08002B2CF9AE}" pid="3" name="BuildNumberCreated">
        <vt:i4>1075593958</vt:i4>
    </property>
    <property fmtid="{D5CDD505-2E9C-101B-9397-08002B2CF9AE}" pid="4" name="BuildNumberEdited">
        <vt:i4>1075593958</vt:i4>
    </property>
    <property fmtid="{D5CDD505-2E9C-101B-9397-08002B2CF9AE}" pid="5" name="IsMetric">
        <vt:bool>false</vt:bool>
    </property>
    <property fmtid="{D5CDD505-2E9C-101B-9397-08002B2CF9AE}" pid="6" name="TimeEdited">
        <vt:filetime>2024-01-23T23:44:14Z</vt:filetime>
    </property>
</Properties>